INSERT INTO "STATUS" (ID, VERSION, NAME) VALUES
(1, 1, 'Imported lead'),
(2, 1, 'Not contacted'),
(3, 1, 'Contacted'),
(4, 1, 'Customer'),
(5, 1, 'Closed (lost)');
INSERT INTO "COMPANY" (ID, VERSION, NAME) VALUES
(6, 1, 'Seed and Growth Ltd.'),
(7, 1, 'Engels IT GmbH'),
(8, 1, 'Freie Naturkinder gGmbH'),
(9, 1, 'Engels Education gGmbH'),
(10, 1, 'adesso SE');
INSERT INTO "CONTACT" (ID, VERSION, EMAIL,FIRST_NAME,LAST_NAME,COMPANY_ID,STATUS_ID) VALUES
(11, 1, 'paul.sela@porsche.com', 'Paul', 'Sela', 8, 1),
(12, 1, 'dennis.weigel@comp.com', 'Dennis', 'Weigel', 7, 5),
(13, 1, 'laura.horbas@gevel.de', 'Laura', 'Horbas', 6, 3),
(14, 1, 'alessandro.cavallo@damals.de', 'Alessandro', 'Cavallo', 10, 3),
(15, 1, 'alex.quast@tuev.de', 'Alexander', 'Quast', 6, 4),
(16, 1, 'leo.gashi@bauen.de', 'Leonard', 'Gashi', 10, 2),
(17, 1, 'steve.wright@gap.com', 'Steve', 'Wright', 8, 1),
(18, 1, 'dirk.fabrig@jagd.de', 'Dirk', 'Fabrig', 8, 5),
(19, 1, 'andyna.schoene@beauty.com', 'Andyna', 'Schoene', 6, 1),
(20, 1, 'sasha.love@dubai.com', 'Sasha', 'Love', 10, 2),
(21, 1, 'harry.potter@hogwards.com', 'Harry', 'Potter', 8, 3),
(22, 1, 'sina.engels@wellness.net', 'Sina', 'Engels', 7, 1),
(23, 1, 'lisa.gray@kagu.hr', 'Lisa', 'Gray', 9, 4),
(24, 1, 'thomas.müller@adesso.de', 'Thomas', 'Müller', 10, 3),
(25, 1, 'barbara.stift@gmx.de', 'Barbara', 'Stift', 7, 5),
(26, 1, 'lukas.soll@gmail.com', 'Lukas', 'Soll', 7, 3),
(27, 1, 'leonard.beste@t-online.de', 'Leonard', 'Beste', 6, 4),
(28, 1, 'jenny.tepel@engels-it.com', 'Jenny', 'Tepel', 7, 4),
(29, 1, 'maike.holler@gmail.com', 'Maike', 'Holler', 9, 3),
(30, 1, 'raphael.fresen@fresen-it.com', 'Raphael', 'Fresen', 10, 4),
(31, 1, 'jason.kaloe@asset-portfolio.com', 'Jason', 'Kaloe', 9, 3),
(32, 1, 'kurt.tepperwein@tepperwein.com', 'Kurt', 'Tepperwein', 9, 3),
(33, 1, 'thomas.claus@claus-marketing.de', 'Thomas', 'Claus', 10, 2),
(34, 1, 'michael.petri@petri-it.de', 'Michael', 'Petri', 9, 1),
(35, 1, 'gabi.steiner@lifeplus.com', 'Gabi', 'Steiner', 9, 4);
INSERT INTO "CONTACT" (ID, VERSION, EMAIL,FIRST_NAME,LAST_NAME,COMPANY_ID,STATUS_ID) VALUES
(36, 1, 'frances.koopmans@foga.tw', 'Frances', 'Koopmans', 7, 5),
(37, 1, 'frances.fujimoto@uswuzzub.jp', 'Frances', 'Fujimoto', 6, 5),
(38, 1, 'olivia.vidal@hivwerip.vc', 'Olivia', 'Vidal', 9, 2),
(39, 1, 'edna.henry@gugusu.rw', 'Edna', 'Henry', 8, 4),
(40, 1, 'lydia.brun@zedekak.md', 'Lydia', 'Brun', 7, 3),
(41, 1, 'jay.blake@ral.mk', 'Jay', 'Blake', 10, 4),
(42, 1, 'isabel.serafini@turuhu.bh', 'Isabel', 'Serafini', 10, 1),
(43, 1, 'rebecca.carter@omjo.et', 'Rebecca', 'Carter', 8, 4),
(44, 1, 'maurice.fabbrini@rig.bh', 'Maurice', 'Fabbrini', 9, 3),
(45, 1, 'ollie.turnbull@sicewap.org', 'Ollie', 'Turnbull', 6, 1),
(46, 1, 'jerry.hopkins@fo.mh', 'Jerry', 'Hopkins', 9, 5),
(47, 1, 'nora.lyons@gegijap.na', 'Nora', 'Lyons', 10, 1),
(48, 1, 'anne.weis@kuvesa.pe', 'Anne', 'Weis', 7, 4),
(49, 1, 'louise.gauthier@lapahu.mt', 'Louise', 'Gauthier', 6, 2),
(50, 1, 'lloyd.fani@zev.ru', 'Lloyd', 'Fani', 8, 1),
(51, 1, 'maud.dunn@nabeaga.ni', 'Maud', 'Dunn', 6, 1),
(52, 1, 'henry.gigli@kaot.ps', 'Henry', 'Gigli', 6, 5),
(53, 1, 'virgie.werner@tawuctuj.cf', 'Virgie', 'Werner', 10, 4),
(54, 1, 'gregory.cozzi@eh.ru', 'Gregory', 'Cozzi', 8, 2),
(55, 1, 'lucinda.gil@fajjusuz.kr', 'Lucinda', 'Gil', 7, 5),
(56, 1, 'gertrude.verbeek@pave.cc', 'Gertrude', 'Verbeek', 6, 5),
(57, 1, 'mattie.graham@ispaviw.gt', 'Mattie', 'Graham', 7, 2),
(58, 1, 'bryan.shaw@ha.ee', 'Bryan', 'Shaw', 9, 1),
(59, 1, 'essie.adams@iliat.cw', 'Essie', 'Adams', 8, 5),
(60, 1, 'gary.osborne@do.ga', 'Gary', 'Osborne', 7, 5);